Date,Region,Amount,Units
2025-01-01,South,5999.61,72
2025-01-02,East,11950.42,423
2025-01-03,West,14156.03,235
2025-01-04,North,11767.19,393
2025-01-05,South,11065.88,363
2025-01-06,East,18206.30,40
2025-01-07,West,9615.68,486
2025-01-08,North,10972.22,194
2025-01-09,South,10170.03,18
2025-01-10,East,10565.98,299
2025-01-11,West,14527.17,166
2025-01-12,North,10701.51,80
2025-01-13,South,11114.98,49
2025-01-14,East,9263.63,348
2025-01-15,West,14841.90,484
2025-01-16,North,12298.21,293
2025-01-17,South,9310.85,425
2025-01-18,East,11592.59,389
2025-01-19,West,12986.49,438
2025-01-20,North,12615.71,232
2025-01-21,South,9484.98,461
2025-02-22,East,9967.22,311
2025-02-23,West,7058.20,94
2025-02-24,North,13973.22,116
2025-02-25,South,12568.67,5
2025-02-26,East,11105.49,213
2025-02-27,West,9505.15,267
2025-02-28,North,7542.29,421
2025-02-01,South,11113.35,293
2025-02-02,East,11223.04,484
2025-02-03,West,14623.83,377
2025-02-04,North,9794.45,228
2025-02-05,South,13215.10,142
2025-02-06,East,8657.94,9
2025-02-07,West,10197.50,295
2025-02-08,North,6816.32,91
2025-02-09,South,13773.33,148
2025-02-10,East,10631.89,12
2025-02-11,West,14628.43,382
2025-02-12,North,11825.89,220
2025-02-13,South,15450.35,374
2025-02-14,East,14171.98,499
2025-03-15,West,9611.00,36
2025-03-16,North,13438.65,479
2025-03-17,South,16873.97,392
2025-03-18,East,13155.30,484
2025-03-19,West,11247.06,65
2025-03-20,North,16610.53,436
2025-03-21,South,11381.27,272
2025-03-22,East,10499.42,458
2025-03-23,West,12860.58,363
2025-03-24,North,14144.71,92
2025-03-25,South,12171.63,22
2025-03-26,East,15970.08,244
2025-03-27,West,9481.36,455
2025-03-28,North,10963.03,30
2025-03-01,South,11706.64,26
2025-03-02,East,9666.87,417
2025-03-03,West,12580.34,186
2025-03-04,North,15026.75,171
2025-03-05,South,7793.88,336
2025-03-06,East,14658.15,158
2025-03-07,West,18480.47,347
2025-04-08,North,11752.69,152
2025-04-09,South,12696.75,71
2025-04-10,East,16398.23,64
2025-04-11,West,7654.18,154
2025-04-12,North,7156.07,499
2025-04-13,South,8712.18,171
2025-04-14,East,8855.19,476
2025-04-15,West,15273.34,72
2025-04-16,North,11376.09,303
2025-04-17,South,14143.30,325
2025-04-18,East,8503.41,340
2025-04-19,West,15946.08,11
2025-04-20,North,9488.34,279
2025-04-21,South,14241.29,92
2025-04-22,East,10710.62,325
2025-04-23,West,7549.54,122
2025-04-24,North,9313.31,214
2025-04-25,South,11898.81,121
2025-04-26,East,16142.18,379
2025-04-27,West,17512.81,175
2025-04-28,North,13792.02,360
2025-05-01,South,10849.83,349
2025-05-02,East,11694.70,379
2025-05-03,West,13482.27,100
2025-05-04,North,8034.00,440
2025-05-05,South,14356.12,259
2025-05-06,East,12149.55,262
2025-05-07,West,10665.88,250
2025-05-08,North,8303.85,421
2025-05-09,South,10434.42,465
2025-05-10,East,14214.37,182
2025-05-11,West,13221.12,243
2025-05-12,North,9268.65,303
2025-05-13,South,13494.11,459
2025-05-14,East,10942.67,91
2025-05-15,West,6009.35,195
2025-05-16,North,9372.83,314
2025-05-17,South,12942.75,218
2025-05-18,East,10782.40,132
2025-05-19,West,12056.28,465
2025-05-20,North,14362.29,128
2025-05-21,South,14815.13,129
2025-06-22,East,10446.52,288
2025-06-23,West,12679.71,448
2025-06-24,North,11425.93,124
2025-06-25,South,14481.71,192
2025-06-26,East,11082.14,202
2025-06-27,West,13537.83,285
2025-06-28,North,17710.81,316
2025-06-01,South,9917.15,185
2025-06-02,East,12291.62,232
2025-06-03,West,16535.67,24
2025-06-04,North,7708.29,257
2025-06-05,South,11361.84,144
2025-06-06,East,19195.25,73
2025-06-07,West,10850.30,241
2025-06-08,North,11757.56,254
2025-06-09,South,10890.30,190
2025-06-10,East,17054.15,227
2025-06-11,West,9166.74,368
2025-06-12,North,14771.18,356
2025-06-13,South,16177.24,252
2025-06-14,East,11967.26,199
2025-07-15,West,11276.43,274
2025-07-16,North,13755.33,454
2025-07-17,South,4336.56,190
2025-07-18,East,15346.83,270
2025-07-19,West,15541.15,169
2025-07-20,North,9292.93,318
2025-07-21,South,15079.05,173
2025-07-22,East,20419.36,422
2025-07-23,West,8563.68,480
2025-07-24,North,17600.96,102
2025-07-25,South,16267.41,358
2025-07-26,East,15056.84,18
2025-07-27,West,10659.42,196
2025-07-28,North,12620.15,98
2025-07-01,South,15408.54,496
2025-07-02,East,16380.84,288
2025-07-03,West,13096.08,326
2025-07-04,North,13668.73,373
2025-07-05,South,10216.32,248
2025-07-06,East,12326.81,426
2025-07-07,West,12582.29,200
2025-08-08,North,11468.21,192
2025-08-09,South,10979.68,378
2025-08-10,East,10400.08,472
2025-08-11,West,13622.35,341
2025-08-12,North,14768.82,134
2025-08-13,South,11171.43,174
2025-08-14,East,11339.85,88
2025-08-15,West,9022.47,386
2025-08-16,North,10862.18,148
2025-08-17,South,17664.67,233
2025-08-18,East,17660.31,441
2025-08-19,West,13719.21,479
2025-08-20,North,11311.77,53
2025-08-21,South,14777.45,257
2025-08-22,East,7921.61,362
2025-08-23,West,11660.06,316
2025-08-24,North,9060.60,398
2025-08-25,South,15453.11,248
2025-08-26,East,15257.49,124
2025-08-27,West,15630.06,349
2025-08-28,North,10206.43,256
2025-09-01,South,14632.95,223
2025-09-02,East,16732.70,490
2025-09-03,West,18035.28,221
2025-09-04,North,9672.34,469
2025-09-05,South,9790.18,350
2025-09-06,East,10098.61,484
2025-09-07,West,12902.23,422
2025-09-08,North,12076.48,84
2025-09-09,South,11552.79,108
2025-09-10,East,12044.86,23
2025-09-11,West,9342.43,28
2025-09-12,North,15624.81,392
2025-09-13,South,13921.74,229
2025-09-14,East,16219.78,355
2025-09-15,West,11110.40,401
2025-09-16,North,12109.46,495
2025-09-17,South,12352.87,452
2025-09-18,East,13714.79,411
2025-09-19,West,14317.86,310
2025-09-20,North,14585.36,192
2025-09-21,South,9799.28,149
2025-10-22,East,16736.57,85
2025-10-23,West,11925.17,335
2025-10-24,North,16500.93,417
2025-10-25,South,8276.94,89
2025-10-26,East,9314.05,22
2025-10-27,West,11974.70,340
2025-10-28,North,12513.40,22
2025-10-01,South,7041.96,484
2025-10-02,East,13489.50,321
2025-10-03,West,14238.91,179
2025-10-04,North,14698.71,153
2025-10-05,South,12159.45,276
2025-10-06,East,14330.74,454
2025-10-07,West,8714.62,23
2025-10-08,North,13863.83,462
2025-10-09,South,7580.79,357
2025-10-10,East,11433.67,109
2025-10-11,West,10810.91,301
2025-10-12,North,12652.89,125
2025-10-13,South,16111.99,388
2025-10-14,East,11552.86,102
2025-11-15,West,11653.05,168
2025-11-16,North,12854.32,284
2025-11-17,South,9724.64,362
2025-11-18,East,16741.98,332
2025-11-19,West,13492.49,183
2025-11-20,North,8610.52,16
2025-11-21,South,13730.74,266
2025-11-22,East,13876.43,385
2025-11-23,West,15685.40,193
2025-11-24,North,13632.99,370
2025-11-25,South,9338.08,242
2025-11-26,East,13136.72,54
2025-11-27,West,18001.61,29
2025-11-28,North,14574.65,487
2025-11-01,South,5030.49,247
2025-11-02,East,8407.28,128
2025-11-03,West,11376.91,16
2025-11-04,North,5703.41,111
2025-11-05,South,14012.12,199
2025-11-06,East,15108.94,102
2025-11-07,West,10761.18,495
2025-12-08,North,19964.16,121
2025-12-09,South,6093.34,260
2025-12-10,East,16759.54,425
2025-12-11,West,13927.88,439
2025-12-12,North,12821.52,407
2025-12-13,South,11837.39,238
2025-12-14,East,16366.26,358
2025-12-15,West,18319.14,203
2025-12-16,North,14915.87,79
2025-12-17,South,12105.26,457
2025-12-18,East,8683.43,160
2025-12-19,West,16405.16,481
2025-12-20,North,9214.91,397
2025-12-21,South,13505.92,242
2025-12-22,East,11583.62,471
2025-12-23,West,11574.90,497
2025-12-24,North,18804.44,373
2025-12-25,South,11319.00,415
2025-12-26,East,12488.12,320
